,SNHM14,SNHMC14,SNHMP14,SNHME14,SNHMO14,SNHMF14,SNHMFC14,SNHMFP14,SNHMFE14,SNHMFO14,SNHMH14,SNHMHC14,SNHMHP14,SNHMHE14,SNHMHO14,SNHM1814,SNHM2614,SNHM5014,SNHMF1814,SNHMF2614,SNHMF5014,SNHMH1814,SNHMH2614,SNHMH5014
count,5136,5136,5136,5136,5136,5136,5136,5136,5136,5136,5136,5136,5136,5136,5136,5136,5136,5136,5136,5136,5136,5136,5136,5136
mean,13.70638629283489,23.703835669781935,14.575876168224301,10.564505451713396,11.23565031152648,12.03802570093458,20.220502336448597,13.27426012461059,10.308878504672897,9.827161214953271,14.84818925233645,25.196962616822432,15.49378894080997,11.26571261682243,11.498189252336449,9.549766355140187,13.495443925233646,15.877219626168223,9.161565420560748,12.055159657320873,13.174143302180685,9.820872274143301,14.485981308411215,17.679809190031154
std,2.559328756995978,2.83618276992883,1.490110277199886,0.8117754765407912,1.2217552801396303,1.7879954331756431,2.327550212355557,0.9901655845387493,0.7475627572222736,1.1046842821792455,3.175156212490805,3.420738419882256,2.373916679787417,1.1440793777336848,1.2895983508569493,0.9974436380204655,2.363144200784243,3.585860328196339,0.45302252567287526,1.825306433788852,2.2493909694196463,1.5399491950427917,2.852490008932979,4.530256955662065
min,10.2,16,11.6,8.7,8.3,9.3,12,10.6,8.7,6.1,10.4,13.8,11.8,8,8.9,7.9,9.7,10.5,7.5,9.1,9.5,7.8,9.6,10.8
25%,12.1,21.9,13.8,10,10.6,10.9,18.8,12.6,9.8,9.2,12.9,23.1,14.5,10.5,10.8,9.2,12,13.7,8.9,10.9,11.7,9.4,12.7,14.9
50%,13,23.2,14.4,10.4,11,11.5,20,13.1,10.1,9.7,14.1,24.6,15.2,11.1,11.3,9.5,12.9,15,9.1,11.6,12.6,9.7,13.8,16.6
75%,14.4,24.9,15.1,10.9,11.6,12.7,21.4,13.8,10.6,10.2,15.8,26.6,16,11.8,11.9,9.7,14.3,16.9,9.4,12.7,14,10,15.5,19
max,43.3,51.5,54.6,17.5,46.3,26.7,35.5,19,16.1,28.1,52.4,58,93.4,23.5,53.2,60.6,38.1,56.9,12,26.6,31,93.3,45.4,68.6
